modelo,best_cv_f1_macro,accuracy,balanced_accuracy,precision_macro,recall_macro,f1_macro,f1_weighted,roc_auc_macro_ovr,pr_auc_macro_ovr,brier_multiclass,best_params
XGBoost,0.9477778501194555,0.9757085020242915,0.8802483135816469,0.9101010101010102,0.8802483135816469,0.8842962811439948,0.9761960659430877,0.9979197691596016,0.9379706152433425,0.02960220188551892,"{""model__colsample_bytree"": 0.8, ""model__learning_rate"": 0.05, ""model__max_depth"": 5, ""model__n_estimators"": 200, ""model__subsample"": 0.8}"
Random Forest,0.9568073172141481,0.9676113360323887,0.8689140440774428,0.9201817064562162,0.8689140440774428,0.8828650689565417,0.9675458313197992,0.9998528350100463,0.997747588700461,0.06873906882591094,"{""model__max_depth"": null, ""model__max_features"": ""sqrt"", ""model__min_samples_leaf"": 1, ""model__n_estimators"": 400}"
SVM,0.8018270494654225,0.9230769230769231,0.7443534169024366,0.7804828387114325,0.7443534169024366,0.7549808321030204,0.9178185475810606,0.9910548028847498,0.8829100029536393,0.1482618183497357,"{""model__C"": 10, ""model__gamma"": ""scale"", ""model__kernel"": ""linear""}"
KNN,0.7285914825154042,0.8137651821862348,0.7525605682468428,0.6977846429725654,0.7525605682468428,0.7101334602318854,0.8170365554275625,0.9038337196442375,0.6525733064795616,0.3042330825730644,"{""model__n_neighbors"": 3, ""model__p"": 1, ""model__weights"": ""distance""}"
MLP,0.8323939623545454,0.8704453441295547,0.6934612660102855,0.6868198486948488,0.6934612660102855,0.6812698319666877,0.8708913237528135,0.9857682319558381,0.8532056706939488,0.1961607284081766,"{""model__alpha"": 0.001, ""model__hidden_layer_sizes"": [128], ""model__learning_rate_init"": 0.003}"
Logistic Regression,0.8127280192100557,0.854251012145749,0.6898770290927154,0.6787118981134876,0.6898770290927154,0.6754613348422824,0.8548184502503431,0.9856950389946516,0.8389420285213453,0.20258983824794294,"{""model__C"": 10, ""model__class_weight"": null, ""model__solver"": ""lbfgs""}"
GaussianNB,0.6750385376226828,0.7044534412955465,0.6845804028810565,0.6411139169472503,0.6845804028810565,0.6526071396866419,0.7102224844042757,0.9335294411371043,0.6812752663580549,0.5078061515820979,"{""model__var_smoothing"": 1e-09}"
